Pixel,Intensity
-601.2798364891678,1272.5
-597.3991174005423,1272.5
-593.5195684611572,1273.5
-589.6411903055523,1246.0
-585.7639835664231,1295.5
-581.8879488745515,1333.0
-578.0130868588785,1264.0
-574.1393981464535,1283.0
-570.266883362463,1285.5
-566.3955431302275,1306.5
-562.5253780712083,1303.0
-558.6563888050077,1290.5
-554.7885759493583,1298.0
-550.9219401201553,1313.5
-547.056481931435,1304.0
-543.1922019953854,1314.0
-539.3291009223394,1313.5
-535.4671793208036,1306.5
-531.6064377974253,1309.0
-527.7468769570332,1306.5
-523.8884974026041,1301.0
-520.0312997352921,1354.0
-516.1752845544215,1320.5
-512.3204524574867,1340.5
-508.4668040401484,1322.5
-504.6143398962631,1331.0
-500.76306061786454,1291.5
-496.9129667951529,1302.5
-493.0640590165458,1316.0
-489.21633786862003,1330.5
-485.36980393615886,1316.0
-481.52445780214475,1350.5
-477.6803000477412,1345.5
-473.83733125233266,1344.5
-469.99555199348833,1306.0
-466.15496284699475,1341.5
-462.3155643868413,1335.0
-458.47735718522745,1360.5
-454.64034181257375,1338.0
-450.80451883750357,1342.5
-446.9698888268722,1397.0
-443.13645234575597,1329.5
-439.30420995744134,1357.0
-435.473162223454,1362.5
-431.6433097035515,1362.5
-427.81465295571616,1377.5
-423.98719253616946,1323.5
-420.1609289993721,1370.5
-416.3358628980204,1344.5
-412.51199478305716,1366.5
-408.68932520366434,1362.5
-404.86785470728864,1368.0
-401.04758383960143,1400.5
-397.2285131445533,1355.0
-393.4106431643486,1311.5
-389.59397443942726,1367.0
-385.7785075085194,1355.0
-381.96424290859795,1379.0
-378.1511811749224,1360.5
-374.339322840995,1378.5
-370.52866843862284,1389.0
-366.71921849786304,1412.5
-362.91097354705926,1376.0
-359.10393411283803,1346.5
-355.29810072009786,1376.0
-351.4934738920347,1361.5
-347.6900541501309,1392.0
-343.8878420141591,1367.0
-340.08683800216386,1397.0
-336.2870426305235,1363.5
-332.48845641388107,1363.5
-328.69107986520976,1384.5
-324.89491349576565,2047.0
-321.0999578151095,1375.0
-317.3062133311214,1460.5
-313.5136805500006,1351.5
-309.7223599762474,1423.5
-305.9322521126669,1406.0
-302.1433574604089,1374.0
-298.3556765189387,1366.5
-294.5692097860301,1392.0
-290.7839577578052,1491.0
-286.999920928698,1378.5
-283.21709979148727,1394.5
-279.435494837282,1380.5
-275.65510655552134,1389.0
-271.8759354340036,1412.0
-268.09798195885014,1410.0
-264.3212466145342,1365.5
-260.54572988387736,1405.5
-256.7714322480533,1396.5
-252.99835418658404,1369.0
-249.22649617735442,1415.5
-245.45585869659772,1382.5
-241.6864422189101,1382.5
-237.91824721725425,1408.0
-234.15127416295945,1424.5
-230.38552352571787,1399.0
-226.6209957735955,1436.0
-222.85769137303214,1390.0
-219.09561078884144,1393.0
-215.3347544842145,1408.0
-211.57512292072352,1399.0
-207.8167165583218,1397.0
-204.05953585536554,1381.5
-200.3035812685739,1373.0
-196.54885325306896,1387.0
-192.7953522623684,1607.5
-189.0430787483856,1420.5
-185.29203316142593,1429.0
-181.54221595020135,1414.0
-177.7936275618231,1439.5
-174.0462684418162,1451.5
-170.3001390341051,1411.0
-166.5552397810352,1445.5
-162.8115711233513,1394.0
-159.06913350022296,1440.5
-155.32792734924806,1404.5
-151.5879531064238,1387.0
-147.84921120618674,1458.5
-144.11170208139447,1420.5
-140.37542616332576,1433.0
-136.64038388171684,1506.0
-132.906575664696,1430.0
-129.17400193886715,1419.5
-125.44266312924447,1443.0
-121.71255965929959,1448.0
-117.98369195093983,1562.5
-114.25606042451909,1431.0
-110.5296654988415,1432.5
-106.80450759116866,1441.5
-103.08058711719423,1441.5
-99.35790449108754,1524.5
-95.63646012547179,1469.0
-91.91625443142038,1448.0
-88.19728781849335,1463.0
-84.47956069468273,1463.5
-80.76307346647809,1467.0
-77.04782653882285,1445.0
-73.33382031513975,1447.0
-69.62105519732722,1455.5
-65.90953158575576,1526.0
-62.199249879278796,1465.0
-58.49021047523274,1471.0
-54.78241376944061,1457.5
-51.07586015621564,1475.0
-47.37055002835041,1475.5
-43.66648377713864,1479.5
-39.96366179236429,1471.5
-36.262084462316125,1485.0
-32.561752173762216,1505.0
-28.862665312004538,1493.0
-25.164824260817113,1500.5
-21.46822940250422,1504.0
-17.772881117864017,1500.0
-14.078779786217638,1474.5
-10.385925785387371,1477.5
-6.69431949173304,1507.0
-3.003961280104704,1511.5
0.6851484761100437,1516.5
4.373009404993354,1530.0
8.059621136115311,1514.5
11.744983300512104,1522.0
15.429095530689665,1534.5
19.11195746062367,1506.0
22.793568725741352,1561.0
26.473928962954233,1562.0
30.153037810618116,1552.5
33.830894908543996,1522.0
37.50749989801261,1529.0
41.18285242174534,1566.5
44.85695212391511,1548.5
48.52979865015004,1574.0
52.2013916475189,1573.0
55.87173076453473,1575.5
59.54081565114393,1587.5
63.20864595874082,1621.5
66.87522134016035,1600.0
70.54054144965266,1593.0
74.20460594292672,1575.0
77.86741447709574,1595.0
81.5289667107063,1596.0
85.189262303742,1583.5
88.84830091759795,1594.0
92.50608221508446,1602.5
96.16260586044154,1608.5
99.81787151932076,1583.5
103.47187885877793,1582.5
107.12462754729131,1595.0
110.77611725474708,1601.5
114.42634765241746,1572.0
118.07531841300079,1616.0
121.72302921059963,1593.5
125.36947972069174,1596.0
129.0146696201773,1628.5
132.65859858732802,1635.0
136.30126630182713,1622.0
139.94267244473303,1626.5
143.58281669851203,1659.5
147.2216987469801,1626.5
150.85931827537206,1634.0
154.49567497029057,1663.5
158.1307685197171,1645.5
161.76459861299736,1627.5
165.3971649408668,1663.5
169.0284671954323,1662.5
172.65850507015784,1632.0
176.28727825988244,1668.5
179.9147864608094,1698.0
183.5410293705063,1688.5
187.1660066878976,1698.5
190.78971811326846,1693.0
194.4121633482573,1771.0
198.03334209585228,1946.5
201.65325406040574,2400.0
205.27189894760158,3440.5
208.88927646448428,5148.5
212.5053863194371,7251.0
216.1202282221966,9105.0
219.73380188380906,10435.5
223.3461070166959,11060.5
226.95714333459182,11356.5
230.56691055256306,11465.0
234.17540838702553,11561.5
237.78263655570117,11592.75
241.388594777658,11624.0
244.99328277327731,11640.5
248.59670026425738,11783.0
252.19884697363523,11853.5
255.7997226257503,11946.5
259.3993269462626,12028.0
262.99765966214545,12072.0
266.59472050167824,12152.5
270.1905091944536,12249.0
273.7850254713776,12412.5
277.3782690646476,12351.0
280.9702397077708,12466.0
284.56093713555674,12603.5
288.1503610841064,12634.5
291.7385112908196,12699.0
295.3253874943839,12757.0
298.910989434793,12871.0
302.4953168533175,13019.0
306.07836949251214,13038.0
309.66014709623414,13166.5
313.24064940960307,13186.0
316.8198761790227,13209.5
320.39782715218826,13292.5
323.97450207806105,13408.0
327.54990070687927,13451.0
331.12402279013986,13565.5
334.69686808063125,13583.5
338.2684363324006,13745.5
341.8387273007538,13735.0
345.40774074226647,13868.0
348.9754764147656,13941.5
352.54193407735875,14061.5
356.10711349038684,14188.5
359.6710144154531,14207.5
363.2336366154195,14327.0
366.79497985439593,14325.5
370.3550438977327,14426.0
373.9138285120316,14459.0
377.4713334651351,14576.5
381.02755852614064,14625.0
384.5825034653644,14599.5
388.1361680543778,14697.0
391.6885520659707,14839.5
395.23965527419205,14865.5
398.78947745429105,14991.5
402.33801838276486,14989.5
405.885277837333,15078.5
409.4312555969409,15135.5
412.9759514417565,15193.0
416.51936515316265,15321.0
420.06149651377564,15332.5
423.60234530740854,15477.5
427.1419113191041,15470.0
430.680194335102,15571.5
434.2171941428678,15657.75
437.7529105310714,15744.0
441.2873432895831,15863.0
444.8204922094774,15917.0
448.352357083033,15989.0
451.8829377037291,15995.0
455.4122338662419,15977.0
458.94024536644065,16011.0
462.4669720013917,16095.0
465.9924135693509,16173.0
469.5165698697674,16135.0
473.0394407032618,16193.5
476.5610258716588,16372.5
480.0813251779655,16494.5
483.6003384263531,16490.0
487.1180654221862,16620.5
490.63450597200426,16752.5
494.1496598835147,16766.5
497.66352696560716,16944.0
501.17610702833554,16971.5
504.68739988292873,16992.5
508.1974053417689,17053.5
511.7061232184242,17174.5
515.2135533276087,17152.0
518.719695485197,17169.0
522.2245495082279,17233.5
525.7281152149008,17266.5
529.2303924245643,17374.0
532.7313809577136,17376.5
536.2310806360074,17356.5
539.7294912822435,17539.5
543.2266127203657,17583.5
546.7224447754706,17620.0
550.2169872737868,17787.0
553.7102400426884,17901.0
557.202202910692,17937.0
560.6928757074456,18030.5
564.1822582637251,18091.5
567.6703504114521,18135.5
571.1571519836725,18151.5
574.6426628145564,18283.0
578.1268827394088,18284.0
581.6098115946515,18328.0
585.0914492178308,18284.5
588.5717954476168,18422.0
592.0508501237964,18455.0
595.5286130872701,18438.0
599.0050841800548,18659.0
602.4802632452847,18688.5
605.9541501271888,18689.0
609.4267446711274,18745.5
612.8980467235524,18990.5
616.3680561320216,18949.0
619.836772745195,19097.0
623.3041964128388,19123.5
626.7703269858175,19161.5
630.2351643160873,19226.0
633.698708256703,19344.5
637.1609586618033,19323.5
640.6219153866368,19443.5
644.0815782875252,19529.5
647.5399472218814,19523.0
650.9970220481991,19616.0
654.4528026260668,19605.0
657.9072888161463,19669.0
661.3604804801798,19727.0
664.8123774809792,19825.5
668.2629796824513,19819.0
671.7122869495543,19979.5
675.1602991483305,20188.5
678.607016145892,20194.0
682.0524378104164,20213.0
685.4965640111513,20348.5
688.9393946183845,20481.5
692.3809295035062,20588.0
695.821168538936,20621.0
699.2601115981597,20723.0
702.6977585557215,20886.0
706.1341092872208,20901.5
709.5691636693045,21006.0
713.0029215796822,21078.0
716.4353828970889,21160.5
719.8665475013331,21168.0
723.2964152732457,21331.0
726.7249860947195,21344.5
730.1522598486772,21422.5
733.5782364190745,21433.5
737.0029156909259,21537.5
740.4262975502534,21635.0
743.8483818841414,21640.0
747.2691685806858,21877.5
750.6886575290118,22019.5
754.1068486192926,22151.5
757.5237417427015,22019.5
760.9393367914563,22218.0
764.3536336587822,22320.5
767.7666322389414,22301.5
771.1783324272001,22438.0
774.5887341198468,22509.0
777.9978372141813,22505.5
781.4056416085259,22562.5
784.812147202203,22513.5
788.2173538955467,22741.5
791.6212615899094,22641.0
795.0238701876369,22681.0
798.4251795920791,22782.5
801.825189707597,22831.0
805.2239004395415,22784.5
808.6213116942708,22856.5
812.0174233791295,22846.0
815.4122354024694,22779.0
818.8057476736249,22785.5
822.1979601029234,22844.5
825.5888726016892,22901.5
828.978485082218,22946.0
832.3667974578057,23022.0
835.7538096427306,22947.5
839.1395215522425,23067.5
842.5239331025805,23143.5
845.9070442109623,23230.5
849.2888547955772,23188.0
852.6693647755928,23373.0
856.0485740711447,23488.0
859.4264826033432,23632.0
862.8030902942701,23719.5
866.1783970669712,23698.5
869.5524028454565,23934.0
872.9251075547072,23949.0
876.296511120654,24095.5
879.66661347021,24205.5
883.0354145312158,24209.5
886.4029142324944,24255.0
889.7691125038182,24326.0
893.1340092758983,24318.0
896.4976044804207,24382.5
899.8598980499992,24408.5
903.2208899182151,24510.5
906.580580019574,24454.0
909.9389682895417,24557.5
913.29605466453,24570.0
916.6518390818783,24731.5
920.006321479872,24772.0
923.3595017977277,24917.5
926.711379975608,24917.0
930.061955954603,25032.5
933.411229676738,24950.0
936.7592010849658,25173.5
940.1058701231632,25222.0
943.4512367361422,25415.0
946.7953008696386,25488.0
950.1380624703088,25658.0
953.4795214857331,25840.0
956.8196778644087,26006.0
960.1585315557531,26256.0
963.496082510097,26501.0
966.8323306786915,26624.5
970.1672760137008,26790.0
973.5009184681949,26751.5
976.8332579961498,26630.5
980.1642945524618,26522.5
983.4940280929331,26658.5
986.8224585742464,26592.0
990.1495859540191,26780.5
993.4754101907529,26798.0
996.7999312438515,27079.0
1000.1231490736136,27295.5
1003.445063641233,27570.5
1006.7656749088055,28134.5
1010.0849828393111,28578.5
1013.4029873966319,28437.5
1016.7196885455196,28296.5
1020.0350862516352,27948.0
1023.3491804815094,27665.5
1026.661971202564,27500.0
1029.9734583831014,27394.0
1033.2836419923078,27176.5
1036.5925220002391,27298.0
1039.900098377846,27293.5
1043.2063710969305,27234.5
1046.511340130197,27450.0
1049.8150054511898,27337.0
1053.117367034356,27336.0
1056.4184248549936,27516.5
1059.718178889263,27675.0
1063.0166291142123,27716.5
1066.313775507726,27710.0
1069.6096180485729,27755.0
1072.9041567163695,27837.5
1076.1973914916052,27879.0
1079.4893223556028,27901.5
1082.7799492905688,27975.0
1086.069272279543,27978.5
1089.3572913064272,28053.5
1092.6440063559712,28121.5
1095.9294174137758,28189.5
1099.2135244662895,28279.5
1102.4963275008013,28171.0
1105.7778265054476,28397.5
1109.05802146922,28399.5
1112.3369123819248,28376.0
1115.6144992342306,28542.5
1118.8907820176319,28691.5
1122.1657607244633,28733.0
1125.4394353478965,28878.0
1128.7118058819287,28949.5
1131.9828723213905,29063.5
1135.2526346619488,29229.5
1138.5210929000968,29372.0
1141.788247033146,29527.5
1145.054097059241,29840.0
1148.3186429773414,30292.0
1151.5818847872433,31085.5
1154.84382248954,32487.5
1158.104456085668,33924.5
1161.3637855778652,35229.5
1164.6218109691836,35333.0
1167.8785322634976,34272.0
1171.1339494654894,32817.0
1174.3880625806523,31658.0
1177.6408716152873,30959.5
1180.8923765765066,30755.0
1184.142577472223,30720.0
1187.3914743111527,30933.5
1190.6390671028203,31052.0
1193.8853558575465,31115.5
1197.1303405864564,31080.0
1200.3740213014644,30842.5
1203.6163980152887,30438.0
1206.8574707414482,30238.0
1210.0972394942328,30107.5
1213.3357042887474,30053.0
1216.5728651408717,30040.5
1219.8087220672824,29766.0
1223.0432750854452,29653.0
1226.2765242135974,29451.0
1229.508469470773,29344.5
1232.7391108767843,29152.0
1235.9684484522222,29083.0
1239.1964822184636,29166.0
1242.423212197653,29114.0
1245.648638412713,29158.5
1248.8727608873523,29196.5
1252.095579646044,29191.5
1255.317094714028,29371.0
1258.537306117316,29558.0
1261.7562138827016,29671.0
1264.9738180377244,29834.5
1268.1901186107061,29982.5
1271.4051156307214,29994.0
1274.6188091276163,30327.0
1277.8311991319897,30464.5
1281.0422856752048,30459.5
1284.2520687893812,30412.0
1287.4605485073953,30678.5
1290.667724862873,30563.5
1293.8735978902005,30713.0
1297.0781676245133,30665.0
1300.2814341016965,30632.5
1303.483397358381,30690.5
1306.684057431954,30709.5
1309.8834143605418,30654.5
1313.0814681830088,30832.5
1316.27821893898,30765.0
1319.4736666688004,30868.5
1322.6678114135684,30913.0
1325.8606532151207,30904.0
1329.052192116029,30871.0
1332.2424281595886,30806.0
1335.4313613898412,30895.5
1338.6189918515665,30926.5
1341.8053195902576,30890.0
1344.9903446521566,30887.0
1348.1740670842119,30878.5
1351.3564869341135,30895.5
1354.5376042502721,31022.5
1357.7174190818223,31002.0
1360.8959314786262,31070.5
1364.0731414912516,31169.0
1367.2490491709978,31044.0
1370.423654569884,30916.5
1373.5969577406322,31001.0
1376.7689587366876,30970.5
1379.9396576122163,31044.5
1383.1090544220788,31157.5
1386.2771492218599,31199.5
1389.4439420678464,31260.0
1392.609433017038,31434.5
1395.7736221271334,31367.5
1398.9365094565437,31467.0
1402.0980950643716,31415.0
1405.25837901044,31503.0
1408.417361355252,31516.5
1411.5750421600278,31599.0
1414.7314214866637,31541.0
1417.8864993977768,31616.0
1421.0402759566568,31677.0
1424.1927512273032,31683.5
1427.3439252743956,31749.0
1430.493798163312,31903.0
1433.6423699601073,31896.0
1436.7896407315384,32033.0
1439.9356105450497,32056.5
1443.080279468748,32168.5
1446.223647571449,32306.0
1449.3657149226274,32296.5
1452.5064815924634,32412.5
1455.645947651792,32463.5
1458.784113172147,32311.0
1461.9209782257167,32419.0
1465.0565428853843,32360.5
1468.1908072246915,32256.0
1471.3237713178642,32230.5
1474.4554352397863,32290.0
1477.585799066026,32333.5
1480.7148628728028,32411.5
1483.8426267370123,32506.5
1486.96909073622,32551.0
1490.0942549486426,32571.0
1493.2181194531659,32692.5
1496.3406843293342,32634.5
1499.4619496573541,32872.0
1502.581915518098,33091.0
1505.7005819930746,33374.0
1508.8179491644623,33810.5
1511.9340171151016,34374.5
1515.048785928455,35195.0
1518.162255688676,36390.5
1521.2744264805406,37740.5
1524.385298389483,39168.0
1527.494871501578,40172.0
1530.6031459035585,40423.0
1533.7101216827941,39451.5
1536.815798927295,37925.5
1539.920177725715,36146.0
1543.0232581673517,34865.0
1546.1250403421436,33919.5
1549.225524340658,33476.5
1552.32471025411,33475.5
1555.4225981743439,33211.5
1558.5191881938263,33100.0
1561.6144804056821,33238.5
1564.708474903644,33307.5
1567.8011717820846,33140.5
1570.8925711360134,33256.5
1573.9826730610403,33275.5
1577.0714776534296,33254.5
1580.1589850100572,33422.5
1583.2451952284173,33425.5
1586.330108406637,33474.5
1589.413724643462,33492.5
1592.4960440382456,33491.0
1595.5770666909702,33556.0
1598.656792702237,33795.5
1601.7352221732472,33777.5
1604.812355205835,33842.0
1607.8881919024316,33878.0
1610.9627323660934,33853.0
1614.0359767004702,33881.0
1617.1079250098337,33973.0
1620.1785773990632,33992.0
1623.247933973631,33981.5
1626.3159948396315,33932.0
1629.3827601037483,34023.5
1632.4482298732692,34055.5
1635.5124042561001,34018.5
1638.5752833607185,34046.0
1641.6368672962199,33919.0
1644.6971561722967,34213.0
1647.7561500992197,34130.5
1650.813849187878,34117.0
1653.870253549736,34133.5
1656.9253632968575,34139.0
1659.9791785418965,34312.0
1663.031699398096,34168.5
1666.0829259792845,34353.5
1669.1328583998802,34372.0
1672.181496774887,34247.5
1675.228841219894,34437.0
1678.2748918510624,34453.0
1681.3196487851492,34330.5
1684.3631121394938,34388.5
1687.4052820319994,34440.0
1690.446158581155,34231.5
1693.4857419060318,34400.5
1696.5240321262645,34288.0
1699.5610293620775,34124.0
1702.5967337342518,34331.0
1705.6311453641501,34096.5
1708.6642643737068,34154.5
1711.6960908854198,34212.0
1714.7266250223547,34161.0
1717.7558669081518,34109.5
1720.7838166670044,33965.5
1723.8104744236807,33952.0
1726.8358403035054,33916.0
1729.8599144323744,33765.0
1732.8826969367292,33824.0
1735.904187943579,33823.0
1738.9243875804968,33690.0
1741.943295975605,33750.0
1744.9609132575824,33765.0
1747.977239555661,33709.5
1750.9922749996258,33731.0
1754.0060197198218,33761.5
1757.0184738471362,33939.5
1760.0296375130056,33945.5
1763.0395108494195,33925.0
1766.0480939889167,34055.5
1769.0553870645708,34007.5
1772.0613902100085,34050.5
1775.066103559402,34264.5
1778.069527247455,34242.5
1781.0716614094272,34703.0
1784.0725061811063,34622.5
1787.072061698822,34872.5
1790.0703280994458,35132.0
1793.0673055203843,35225.0
1796.062994099564,35133.0
1799.0573939754686,35325.5
1802.0505052871013,35400.5
1805.0423281740004,35794.5
1808.0328627762283,35697.5
1811.0221092343927,35797.5
1814.0100676896036,35814.0
1816.9967382835202,35831.0
1819.9821211583185,36291.0
1822.966216456698,36392.5
1825.949024321886,36692.5
1828.9305448976265,36862.5
1831.910778328187,36405.0
1834.8897247583518,37433.0
1837.86738433344,36728.5
1840.8437571992508,36580.5
1843.8188435021439,37448.0
1846.792643388966,37567.5
1849.7651570070775,37354.0
1852.7363845043692,38136.0
1855.7063260292307,37706.5
1858.674981730568,37101.5
1861.6423517577823,38025.0
1864.6084362608017,38587.5
1867.5732353900457,38338.0
1870.5367492964542,39072.0
1873.4989781314616,39216.5
1876.4599220470081,39355.0
1879.419581195536,38929.5
1882.3779557299895,40076.5
1885.3350458038149,39954.0
1888.2908515709496,42044.0
1891.2453731858368,43098.5
1894.1986108034143,42525.5
1897.1505645791185,43501.5
1900.1012346688658,46180.0
1903.0506212290893,45676.5
1905.9987244166987,47497.5
1908.9455443890838,48007.0
1911.8910813041584,46264.5
1914.8353353202838,47262.0
1917.7783065963486,48233.0
1920.7199952916963,49236.5
1923.6604015661687,52378.0
1926.5995255800954,48528.5
1929.537367494282,49068.0
1932.4739274700223,52188.5
1935.4092056690824,54207.5
1938.3432022537236,55074.0
1941.2759173866652,55796.0
1944.2073512311144,55658.5
1947.1375039507657,55775.5
1950.0663757097718,54866.0
1952.9939666727623,58080.0
1955.9202770048469,59956.5
1958.845306871608,57774.5
1961.7690564390869,59413.5
1964.6915258738118,61995.5
1967.612715342766,62298.5
1970.5326250134021,61223.0
1973.4512550536492,61115.5
1976.3686056318948,60147.5
1979.2846769169846,63857.0
1982.1994690782376,65535.0
1985.1129822854346,64676.0
1988.025216708811,65535.0
1990.936172519061,65535.0
1993.8458498873515,65535.0
1996.7542489852967,65535.0
1999.6613699849659,65535.0
2002.5672130588864,65535.0
2005.4717783800443,65535.0
2008.3750661218728,65535.0
2011.2770764582638,65535.0
2014.1778095635564,65535.0
2017.077265612541,65535.0
2019.9754447804626,65535.0
2022.8723472430065,65535.0
2025.7679731763055,65535.0
2028.6623227569435,65535.0
2031.555396161948,65535.0
2034.4471935687907,65535.0
2037.3377151553868,65535.0
2040.2269611000884,65535.0
2043.1149315816947,65535.0
2046.0016267794417,65535.0
2048.887046873002,65535.0
2051.7711920424954,65535.0
2054.6540624684676,65535.0
2057.535658331901,65535.0
2060.415979814221,65535.0
2063.2950270972797,65535.0
2066.1728003633616,65535.0
2069.049299795188,65535.0
2071.9245255759015,65535.0
2074.7984778890786,65535.0
2077.671156918732,65535.0
2080.542562849296,65535.0
2083.4126958656198,65535.0
2086.281556152997,65535.0
2089.1491438971316,65535.0
2092.0154592841573,65535.0
2094.8805025006295,65535.0
2097.744273733526,65535.0
2100.6067731702387,65535.0
2103.4680009985896,65535.0
2106.3279574068,65535.0
2109.1866425835287,65535.0
2112.044056717845,65535.0
2114.900199999218,65535.0
2117.7550726175577,65535.0
2120.608674763167,65535.0
2123.4610066267596,65535.0
2126.3120683994784,65535.0
2129.161860272863,65535.0
2132.0103824388607,65535.0
2134.8576350898293,65535.0
2137.7036184185417,65535.0
2140.548332618171,65535.0
2143.3917778822833,65535.0
2146.2339544048664,65535.0
2149.074862380312,65535.0
2151.9145020033975,65535.0
2154.7528734693115,65535.0
2157.5899769736498,65535.0
2160.4258127123903,65535.0
2163.2603808819185,65535.0
2166.0936816790236,65535.0
2168.9257153008803,65535.0
2171.7564819450636,65535.0
2174.585981809534,65535.0
2177.4142150926673,65535.0
2180.241181993206,65535.0
2183.0668827102963,65535.0
2185.8913174434783,65535.0
2188.714486392677,65535.0
2191.536389758192,65535.0
2194.3570277407416,65535.0
2197.1764005414007,65535.0
2199.994508361644,65535.0
2202.8113514033357,65535.0
2205.6269298687075,65535.0
2208.441243960384,65535.0
2211.254293881375,65535.0
2214.066079835058,65535.0
2216.876602025204,65535.0
2219.685860655958,65535.0
2222.493855931836,65535.0
2225.3005880577366,65535.0
2228.1060572389433,65535.0
2230.9102636810967,65535.0
2233.7132075902227,65535.0
2236.514889172722,65535.0
2239.315308635356,65535.0
2242.114466185274,65535.0
2244.9123620299797,65535.0
2247.7089963773506,65535.0
2250.5043694356427,65535.0
2253.298481413465,65535.0
2256.0913325198017,65535.0
2258.8829229639996,65535.0
2261.673252955774,65535.0
2264.4623227051998,65535.0
2267.2501324227087,65535.0
2270.0366823191107,65535.0
2272.8219726055613,65535.0
2275.606003493587,65535.0
2278.388775195068,65535.0
2281.1702879222357,65535.0
2283.950541887698,65535.0
2286.729537304396,65535.0
2289.507274385647,65535.0
2292.283753345102,65535.0
2295.0589743967867,65535.0
2297.832937755069,65535.0
2300.605643634666,65535.0
2303.377092250652,65535.0
2306.1472838184454,65535.0
2308.9162185538116,65535.0
2311.683896672879,65535.0
2314.4503183921115,65535.0
2317.215483928314,65535.0
2319.9793934986556,65535.0
2322.742047320622,65535.0
2325.503445612074,65535.0
2328.2635885911914,65535.0
2331.0224764765044,65535.0
2333.7801094868883,65535.0
2336.536487841553,65535.0
2339.291611760047,65535.0
2342.045481462261,65535.0
2344.7980971684156,65535.0
2347.549459099082,65535.0
2350.299567475151,65535.0
2353.0484225178625,65535.0
2355.7960244487767,65535.0
2358.542373489792,65535.0
2361.2874698631495,65535.0
2364.0313137914018,65535.0
2366.773905497452,65535.0
2369.5152452045113,65535.0
2372.2553331361414,65535.0
2374.994169516216,65535.0
2377.731754568944,65535.0
2380.4680885188536,65535.0
2383.2031715908015,65535.0
2385.9370040099784,65535.0
2388.669586001877,65535.0
2391.400917792329,65535.0
2394.130999607485,65535.0
2396.8598316738135,65535.0
2399.587414218102,65535.0
2402.3137474674622,65535.0
2405.038831649319,65535.0
2407.762666991417,65535.0
2410.4852537218176,65535.0
2413.2065920689,65535.0
2415.926682261348,65535.0
2418.6455245281704,65535.0
2421.3631190986907,65535.0
2424.079466202531,65535.0
2426.794566069635,65535.0
2429.5084189302597,65535.0
2432.2210250149637,65535.0
2434.9323845546187,65535.0
2437.6424977804054,65535.0
2440.3513649238084,65535.0
2443.0589862166235,65535.0
2445.7653618909444,65535.0
2448.4704921791763,65535.0
2451.1743773140242,65535.0
2453.8770175285026,65535.0
2456.5784130559186,65535.0
2459.2785641298888,65535.0
2461.9774709843296,65535.0
2464.675133853447,65535.0
2467.371552971761,65535.0
2470.0667285740765,65535.0
2472.7606608955066,65535.0
2475.4533501714523,65535.0
2478.1447966376163,65535.0
2480.835000529991,65535.0
2483.5239620848624,65535.0
2486.2116815388217,65535.0
2488.8981591287375,65535.0
2491.583395091773,65535.0
2494.2673896653923,65535.0
2496.950143087335,65535.0
2499.631655595638,65535.0
2502.3119274286273,65535.0
2504.990958824912,65535.0
2507.668750023391,65535.0
2510.345301263251,65535.0
2513.020612783952,65535.0
2515.694684825259,65535.0
2518.3675176272063,65535.0
2521.0391114301074,65535.0
2523.7094664745673,65535.0
2526.378583001466,65535.0
2529.0464612519736,65535.0
2531.7131014675233,65535.0
2534.378503889844,65535.0
2537.042668760927,65535.0
2539.7055963230505,65535.0
2542.3672868187714,65535.0
2545.027740490912,65535.0
2547.6869575825804,65535.0
2550.3449383371462,65535.0
2553.0016829982687,65535.0
2555.657191809858,65535.0
2558.3114650161206,65535.0
2560.9645028615123,65535.0
2563.6163055907746,65535.0
2566.266873448907,65535.0
2568.916206681184,65535.0
2571.564305533142,65535.0
2574.211170250597,65535.0
2576.8568010796207,65535.0
2579.5011982665437,65535.0
2582.144362057981,65535.0
2584.786292700792,65535.0
2587.4269904421126,65535.0
2590.0664555293333,65535.0
2592.704688210113,65535.0
2595.3416887323638,65535.0
2597.977457344261,65535.0
2600.611994294244,65535.0
2603.2452998310073,65535.0
2605.8773742034937,65535.0
2608.5082176609194,65535.0
2611.1378304527516,65535.0
2613.7662128287066,65535.0
2616.3933650387607,65535.0
2619.0192873331416,65535.0
2621.643979962335,65535.0
2624.2674431770774,65535.0
2626.8896772283515,65535.0
2629.5106823674014,65535.0
2632.1304588457115,65535.0
2634.749006915019,65535.0
2637.3663268273194,65535.0
2639.982418834832,65535.0
2642.59728319006,65535.0
2645.210920145715,65535.0
2647.823329954783,65535.0
2650.4345128704754,65535.0
2653.044469146267,65535.0
2655.653199035858,65535.0
2658.2607027932027,65535.0
2660.8669806724974,65535.0
2663.4720329281736,65535.0
2666.075859814906,65535.0
2668.678461587613,65535.0
2671.279838501452,65535.0
2673.879990811811,65535.0
2676.4789187743263,65535.0
2679.076622644865,65535.0
2681.6731026795333,65535.0
2684.2683591346704,65535.0
2686.8623922668557,65535.0
2689.4552023328943,65535.0
2692.0467895898364,65535.0
2694.637154294951,65535.0
2697.226296705754,65535.0
2699.814217079982,65535.0
2702.400915675609,65535.0
2704.9863927508322,65535.0
2707.5706485640803,65535.0
2710.1536833740192,65535.0
2712.735497439531,65535.0
2715.3160910197275,65535.0
2717.8954643739526,65535.0
2720.4736177617706,65535.0
2723.050551442977,65535.0
2725.6262656775816,65535.0
2728.20076072582,65535.0
2730.7740368481645,65535.0
2733.346094305296,65535.0
2735.9169333581212,65535.0
2738.48655426776,65535.0
2741.0549572955715,65535.0
2743.6221427031123,65535.0
2746.1881107521713,65535.0
2748.752861704752,65535.0
2751.316395823076,65535.0
2753.8787133695787,65535.0
2756.439814606916,65535.0
2758.999699797958,65535.0
2761.558369205788,65535.0
2764.1158230937,65535.0
2766.6720617252104,65535.0
2769.2270853640366,65535.0
2771.780894274123,65535.0
2774.3334887196106,65535.0
2776.8848689648567,65535.0
2779.435035274433,65535.0
2781.983987913114,65535.0
2784.5317271458825,65535.0
2787.078253237938,65535.0
2789.6235664546766,65535.0
2792.167667061707,65535.0
2794.710555324844,65535.0
2797.2522315101014,65535.0
2799.792695883705,65535.0
2802.3319487120843,65535.0
2804.8699902618646,65535.0
2807.406820799879,65535.0
2809.9424405931695,65535.0
2812.4768499089605,65535.0
2815.010049014696,65535.0
2817.542038178013,65535.0
2820.0728176667453,65535.0
2822.6023877489242,65535.0
2825.130748692787,65535.0
2827.6579007667624,65535.0
2830.1838442394746,65535.0
2832.708579379745,65535.0
2835.232106456595,65535.0
2837.7544257392383,65535.0
2840.2755374970766,65535.0
2842.795441999713,65535.0
2845.3141395169387,65535.0
2847.8316303187385,65535.0
2850.3479146752907,65535.0
2852.8629928569626,65535.0
2855.376865134309,65535.0
2857.8895317780753,65535.0
2860.400993059209,65535.0
2862.911249248822,65535.0
2865.420300618229,65535.0
2867.9281474389336,65535.0
2870.4347899826153,65535.0
2872.940228521149,65535.0
2875.4444633265903,65535.0
2877.94749467118,65535.0
2880.4493228273404,65535.0
2882.949948067684,65535.0
2885.449370664999,65535.0
2887.947590892256,65535.0
2890.44460902261,65535.0
2892.940425329396,65535.0
2895.435040086126,65535.0
2897.928453566501,65535.0
2900.420666044387,65535.0
2902.911677793836,65535.0
2905.401489089081,65535.0
2907.890100204526,65535.0
2910.37751141475,65535.0
2912.863722994516,65535.0
2915.348735218753,65535.0
2917.8325483625704,65535.0
2920.315162701254,65535.0
2922.7965785102497,65535.0
2925.276796065191,65535.0
2927.75581564188,65535.0
2930.2336375162795,65535.0
2932.710261964543,65535.0
2935.185689262975,65535.0
2937.659919688058,65535.0
2940.132953516444,65535.0
2942.6047910249545,65535.0
2945.0754324905756,65535.0
2947.5448781904597,65535.0
2950.013128401939,65535.0
2952.4801834024856,65535.0
2954.946043469761,65535.0
2957.4107088815836,65535.0
2959.8741799159325,65535.0
2962.336456850955,65535.0
2964.7975399649586,65535.0
2967.2574295364157,65535.0
2969.716125843963,65535.0
2972.1736291663856,65535.0
2974.6299397826515,65535.0
2977.0850579718644,65535.0
2979.538984013305,65535.0
2981.9917181864075,65535.0
2984.443260770762,65535.0
2986.893612046126,65535.0
2989.3427722923952,65535.0
2991.7907417896404,65535.0
2994.23752081808,65535.0
2996.683109658092,65535.0
2999.1275085902016,65535.0
3001.5707178950997,65535.0
3004.012737853618,65535.0
3006.453568746754,65535.0
3008.893210855649,65535.0
3011.3316644616025,65535.0
3013.7689298460573,65535.0
3016.2050072906113,65535.0
3018.6398970770188,65535.0
3021.073599487174,65535.0
3023.5061148031255,65535.0
3025.9374433070734,65535.0
3028.367585281356,65535.0
3030.796541008467,65535.0
3033.2243107710456,65535.0
3035.6508948518767,65535.0
3038.0762935338917,65535.0
3040.500507100165,65535.0
3042.9235358339174,65535.0
3045.345380018516,65535.0
3047.7660399374654,65535.0
3050.1855158744183,65535.0
3052.6038081131683,65535.0
3055.0209169376503,65535.0
3057.4368426319415,65535.0
3059.851585480259,65535.0
3062.265145766958,65535.0
3064.6775237765432,65535.0
3067.0887197936427,65535.0
3069.4987341030373,65535.0
3071.9075669896374,65535.0
3074.3152187384876,65535.0
3076.721689634789,65535.0
3079.126979963854,65535.0
3081.53109001114,65535.0
3083.9340200622555,65535.0
3086.3357704029113,65535.0
3088.7363413189905,65535.0
3091.1357330964747,65535.0
3093.533946021502,65535.0
3095.9309803803335,65535.0
3098.3268364593623,65535.0
3100.721514545119,65535.0
3103.1150149242567,65535.0
3105.507337883566,65535.0
3107.8984837099633,65535.0
3110.2884526904945,65535.0
3112.6772451123416,65535.0
3115.0648612627974,65535.0
3117.4513014293043,65535.0
3119.8365658994135,65535.0
3122.220654960818,65535.0
3124.603568901326,65535.0
3126.9853080088724,65535.0
3129.365872571527,65535.0
3131.74526287747,65535.0
3134.123479215017,65535.0
3136.5005218725983,65535.0
3138.876391138783,65535.0
3141.2510873022384,65535.0
3143.624610651772,65535.0
3145.9969614763104,65535.0
3148.3681400648948,65535.0
3150.7381467066916,65535.0
3153.1069816909876,65535.0
3155.4746453071875,65535.0
3157.841137844811,65535.0
3160.2064595935008,65535.0
3162.570610843026,65535.0
3164.933591883251,65535.0
3167.295403004173,65535.0
3169.656044495907,65535.0
3172.0155166486784,65535.0
3174.3738197528255,65535.0
3176.7309540988063,65535.0
3179.0869199771896,65535.0
3181.441717678663,65535.0
3183.7953474940186,65535.0
3186.1478097141735,65535.0
3188.4991046301493,65535.0
3190.8492325330753,65535.0
3193.1981937142027,65535.0
3195.5459884648844,65535.0
3197.8926170765953,65535.0
3200.2380798409013,65535.0
3202.5823770494935,65535.0
3204.925508994169,65535.0
3207.267475966826,65535.0
3209.6082782594804,65535.0
3211.9479161642466,65535.0
3214.2863899733547,65535.0
3216.623699979129,65535.0
3218.9598464740175,65535.0
3221.294829750548,65535.0
3223.6286501013838,65535.0
3225.961307819265,65535.0
3228.2928031970514,65535.0
3230.623136527709,65535.0
3232.952308104286,65535.0
3235.2803182199623,65535.0
3237.6071671679965,65535.0
3239.9328552417537,65535.0
3242.2573827347096,65535.0
3244.5807499404345,65535.0
3246.9029571525916,65535.0
3249.224004664955,65535.0
3251.543892771393,65535.0
3253.8626217658657,65535.0
3256.180191942449,65535.0
3258.4966035953003,65535.0
3260.8118570186834,65535.0
3263.125952506947,65535.0
3265.4388903545478,65535.0
3267.7506708560395,65535.0
3270.061294306057,65535.0
3272.370760999349,65535.0
3274.679071230743,65535.0
3276.986225295168,65535.0
3279.2922234876423,65535.0
3281.5970661032807,65535.0
3283.9007534372904,65535.0
3286.20328578497,65535.0
3288.5046634417067,65535.0
3290.804886702983,65535.0
3293.103955864366,65535.0
3295.401871221522,65535.0
3297.698633070204,65535.0
3299.9942417062466,65535.0
3302.2886974255835,65535.0
3304.5820005242313,65535.0
3306.874151298296,65535.0
3309.1651500439693,65535.0
3311.4549970575317,65535.0
3313.743692635351,65535.0
3316.031237073881,65535.0
3318.317630669655,65535.0
3320.602873719301,65535.0
3322.886966519527,65535.0
3325.169909367123,65535.0
3327.451702558965,65535.0
3329.7323463920166,65535.0
3332.0118411633175,65535.0
3334.290187169994,65535.0
3336.567384709251,65535.0
3338.8434340783806,65535.0
3341.1183355747507,65535.0
3343.39208949581,65535.0
3345.6646961390943,65535.0
3347.9361558022065,65535.0
3350.206468782846,65535.0
3352.4756353787743,65535.0
3354.7436558878453,65535.0
3357.0105306079768,65535.0
3359.276259837179,65535.0
3361.5408438735285,65535.0
3363.8042830151844,65535.0
3366.0665775603793,65535.0
3368.327727807422,65535.0
3370.5877340546976,65535.0
3372.846596600668,65535.0
3375.1043157438635,65535.0
3377.3608917828988,65535.0
3379.61632501645,65535.0
3381.8706157432753,65535.0
3384.123764262202,65535.0
3386.375770872135,65535.0
3388.6266358720422,65535.0
3390.8763595609726,65535.0
3393.1249422380406,65535.0
3395.3723842024265,65535.0
3397.6186857533976,65535.0
3399.863847190274,65535.0
3402.1078688124544,65535.0
3404.350750919404,65535.0
3406.5924938106564,65535.0
3408.8330977858113,65535.0
3411.0725631445384,65535.0
3413.3108901865853,65535.0
3415.5480792117414,65535.0
3417.784130519887,65535.0
3420.0190444109576,65535.0
3422.2528211849512,65535.0
3424.4854611419414,65535.0
3426.7169645820595,65535.0
3428.9473318055043,65535.0
3431.1765631125327,65535.0
3433.4046588034726,65535.0
3435.6316191787155,65535.0
3437.8574445387057,65535.0
3440.082135183964,65535.0
3442.305691415064,65535.0
3444.5281135326404,65535.0
3446.7494018373927,65535.0
3448.9695566300834,65535.0
3451.188578211526,65535.0
3453.406466882605,65535.0
3455.6232229442594,65535.0
3457.83884669749,65535.0
3460.0533384433475,65535.0
3462.266698482952,65535.0
3464.4789271174814,65535.0
3466.6900246481564,65535.0
3468.8999913762746,65535.0
3471.1088276031787,65535.0
3473.316533630272,65535.0
3475.523109759006,65535.0
3477.728556290902,65535.0
3479.932873527523,65535.0
3482.136061770496,65535.0
3484.3381213215,65535.0
3486.539052482265,65535.0
3488.738855554575,65535.0
3490.9375308402687,65535.0
3493.1350786412404,65535.0
3495.3314992594333,65535.0
3497.526792996845,65535.0
3499.7209601555223,65535.0
3501.914001037565,65535.0
3504.1059159451215,65535.0
3506.296705180397,65535.0
3508.4863690456386,65535.0
3510.6749078431494,65535.0
3512.862321875278,65535.0
3515.0486114444248,65535.0
3517.233776853036,65535.0
3519.4178184036136,65535.0
3521.6007363986955,65535.0
3523.7825311408724,65535.0
3525.963202932786,65535.0
3528.142752077123,65535.0
3530.321178876615,65535.0
3532.4984836340354,65535.0
3534.674666652212,65535.0
3536.849728234012,65535.0
3539.023668682352,65535.0
3541.196488300184,65535.0
3543.3681873905134,65535.0
3545.538766256386,65535.0
3547.708225200893,65535.0
3549.8765645271633,65535.0
3552.0437845383767,65535.0
3554.209885537741,65535.0
3556.3748678285247,65535.0
3558.538731714025,65535.0
3560.701477497587,65535.0
3562.8631054825855,65535.0
3565.02361597245,65535.0
3567.1830092706423,65535.0
3569.3412856806663,65535.0
3571.4984455060603,65535.0
3573.65448905041,65535.0
3575.809416617334,65535.0
3577.963228510487,65535.0
3580.1159250335713,65535.0
3582.267506490316,65535.0
3584.4179731844924,65535.0
3586.5673254199082,65535.0
3588.715563500409,65535.0
3590.8626877298702,65535.0
3593.0086984122136,65535.0
3595.1535958513905,65535.0
3597.297380351385,65535.0
3599.440052216214,65535.0
3601.58161174994,65535.0
3603.722059256648,65535.0
3605.861395040465,65535.0
3607.999619405542,65535.0
3610.136732656074,65535.0
3612.2727350962796,65535.0
3614.407627030412,65535.0
3616.5414087627614,65535.0
3618.6740805976387,65535.0
3620.8056428393993,65535.0
3622.936095792418,65535.0
3625.065439761107,65535.0
3627.19367504991,65535.0
3629.3208019632893,65535.0
3631.4468208057497,65535.0
3633.5717318818206,65535.0
3635.6955354960555,65535.0
3637.8182319530442,65535.0
3639.9398215573983,65535.0
3642.0603046137603,65535.0
3644.179681426802,65535.0
3646.2979523012164,65535.0
3648.4151175417283,65535.0
3650.5311774530837,65535.0
3652.64613234006,65535.0
3654.759982507463,65535.0
3656.8727282601176,65535.0
3658.9843699028697,65535.0
3661.094907740604,65535.0
3663.204342078212,65535.0
3665.312673220629,65535.0
3667.4199014727983,65535.0
3669.526027139691,65535.0
3671.6310505263064,65535.0
3673.73497193766,65535.0
3675.837791678792,65535.0
3677.939510054768,65535.0
3680.0401273706702,65535.0
3682.1396439316013,65535.0
3684.238060042693,65535.0
3686.335376009092,65535.0
3688.431592135963,65535.0
3690.526708728499,65535.0
3692.6207260919036,65535.0
3694.7136445314063,65535.0
3696.8054643522573,65535.0
3698.8961858597177,65535.0
3700.9858093590738,65535.0
3703.0743351556266,65535.0
3705.1617635546972,65535.0
3707.248094861623,65535.0
3709.3333293817595,65535.0
3711.4174674204787,65535.0
3713.5005092831707,65535.0
3715.5824552752365,65535.0
3717.663305702099,65535.0
3719.7430608691957,65535.0
3721.8217210819766,65535.0
3723.899286645912,65535.0
3725.9757578664776,65535.0
3728.051135049176,65535.0
3730.1254184995178,65535.0
3732.19860852302,65535.0
3734.2707054252223,65535.0
3736.3417095116783,65535.0
3738.411621087953,65535.0
3740.480440459618,65535.0
3742.548167932262,65535.0
3744.614803811488,65535.0
3746.6803484029024,65535.0
3748.7448020121356,65535.0
3750.8081649448177,65535.0
3752.8704375065936,65535.0
3754.9316200031208,65535.0
3756.991712740064,65535.0
3759.0507160230936,65535.0
3761.1086301579035,65535.0
3763.16545545018,65535.0
3765.2211922056267,65535.0
3767.275840729957,65535.0
3769.3294013288923,65535.0
3771.3818743081574,65535.0
3773.433259973488,65535.0
3775.483558630627,65535.0
3777.532770585325,65535.0
3779.5808961433395,65535.0
3781.6279356104296,65535.0
3783.6738892923695,65535.0
3785.718757494933,65535.0
3787.7625405238996,65535.0
3789.8052386850577,65535.0
3791.846852284194,65535.0
3793.8873816271152,65535.0
3795.92682701961,65535.0
3797.965188767488,65535.0
3800.002467176555,65535.0
3802.0386625526316,65535.0
3804.073775201521,65535.0
3806.107805429052,65535.0
3808.1407535410417,65535.0
3810.172619843308,65535.0
3812.2034046416884,65535.0
3814.2331082419987,65535.0
3816.2617309500783,65535.0
3818.2892730717485,65535.0
3820.315734912845,65535.0
3822.341116779202,65535.0
3824.3654189766457,65535.0
3826.388641811018,65535.0
3828.410785588141,65535.0
3830.4318506138534,65535.0
3832.451837193985,65535.0
3834.470745634366,65535.0
3836.488576240825,65535.0
3838.5053293191904,65535.0
3840.521005175291,65535.0
3842.5356041149444,65535.0
3844.5491264439715,65535.0
3846.5615724681975,65535.0
3848.5729424934343,65535.0
3850.583236825494,65535.0
3852.592455770189,65535.0
3854.6005996333206,65535.0
3856.6076687206933,65535.0
3858.6136633380975,65535.0
3860.6185837913345,65535.0
3862.6224303861854,65535.0
3864.6252034284353,65535.0
3866.6269032238597,65535.0
3868.6275300782327,65535.0
3870.627084297317,65535.0
3872.6255661868745,65535.0
3874.6229760526567,65535.0
3876.619314200405,65535.0
3878.614580935866,65535.0
3880.608776564768,65535.0
3882.6019013928326,65535.0
3884.5939557257807,65535.0
3886.584939869317,65535.0
3888.574854129145,65535.0
3890.5636988109545,65535.0
3892.551474220425,65535.0
3894.538180663236,65535.0
3896.5238184450427,65535.0
3898.5083878715122,65535.0
3900.4918892482747,65535.0
3902.474322880975,65535.0
3904.45568907523,65535.0
3906.43598813666,65535.0
3908.415220370862,65535.0
3910.393386083426,65535.0
3912.370485579935,65535.0
3914.3465191659543,65535.0
3916.3214871470427,65535.0
3918.2953898287415,65535.0
3920.2682275165826,65535.0
3922.2400005160816,65535.0
3924.2107091327453,65535.0
3926.180353672067,65535.0
3928.148934439527,65535.0
3930.116451740585,65535.0
3932.0829058806958,65535.0
3934.048297165291,65535.0
3936.0126258998007,65535.0
3937.9758923896225,65535.0
3939.9380969401536,65535.0
3941.8992398567734,65535.0
3943.859321444841,65535.0
3945.8183420096993,65535.0
3947.7763018566766,65535.0
3949.733201291092,65535.0
3951.6890406182392,65535.0
3953.6438201433994,65535.0
3955.597540171835,65535.0
3957.5502010087857,65535.0
3959.5018029594885,65535.0
3961.4523463291516,65535.0
3963.401831422969,65535.0
3965.3502585461083,65535.0
3967.297628003729,65535.0
3969.2439401009706,65535.0
3971.189195142948,65535.0
3973.133393434762,65535.0
3975.0765352814924,65535.0
3977.018620988196,65535.0
3978.9596508599116,65535.0
3980.899625201666,65535.0
3982.8385443184543,65535.0
3984.776408515252,65535.0
3986.713218097024,65535.0
3988.6489733687013,65535.0
3990.583674635198,65535.0
3992.5173222014128,65535.0
3994.4499163722157,65535.0
3996.381457452455,65535.0
3998.311945746962,65535.0
4000.241381560538,65535.0
4002.1697651979684,65535.0
4004.0970969640075,65535.0
4006.0233771633975,65535.0
4007.9486061008465,65535.0
4009.8727840810443,65535.0
4011.7959114086607,65535.0
4013.717988388331,65535.0
4015.639015324672,65535.0
4017.5589925222775,65535.0
4019.4779202857153,65535.0
4021.395798919526,65535.0
4023.3126287282266,65535.0
4025.2284100163088,65535.0
4027.143143088235,65535.0
4029.056828248451,65535.0
4030.969465801363,65535.0
4032.881056051365,65535.0
4034.791599302811,65535.0
4036.7010958600367,65535.0
4038.60954602735,65535.0
4040.516950109033,65535.0
4042.4233084093266,65535.0
4044.328621232464,65535.0
4046.232888882634,65535.0
4048.136111664011,65535.0
4050.0382898807275,65535.0
4051.9394238369023,65535.0
4053.8395138366086,65535.0
4055.7385601839032,65535.0
4057.6365631828066,65535.0
4059.5335231373174,65535.0
4061.429440351394,65535.0
4063.3243151289735,65535.0
4065.2181477739578,65535.0
4067.110938590222,65535.0
4069.0026878816097,65535.0
4070.8933959519327,65535.0
4072.7830631049674,65535.0
4074.671689644467,65535.0
4076.559275874153,65535.0
4078.4458220977085,65535.0
4080.3313286187877,65535.0
4082.2157957410145,65535.0
4084.0992237679748,65535.0
4085.981613003234,65535.0
4087.8629637503127,65535.0
4089.7432763127053,65535.0
4091.6225509938686,65535.0
4093.500788097226,65535.0
4095.3779879261783,65535.0
4097.254150784076,65535.0
4099.129276974241,65535.0
4101.003366799972,65535.0
4102.87642056452,65535.0
4104.748438571103,65535.0
4106.619421122914,65535.0
4108.4893685231,65535.0
4110.358281074779,65535.0
4112.2261590810285,65535.0
4114.093002844895,65535.0
4115.958812669391,65535.0
4117.823588857484,65535.0
4119.6873317121135,65535.0
4121.550041536182,65535.0
4123.411718632549,65535.0
4125.272363304044,65535.0
4127.1319758534555,65535.0
4128.990556583538,65535.0
4130.8481057970075,65535.0
4132.704623796535,65535.0
4134.560110884768,65535.0
4136.414567364303,65535.0
4138.267993537704,65535.0
4140.120389707497,65535.0
4141.97175617617,65535.0
4143.822093246168,65535.0
4145.671401219901,65535.0
4147.519680399737,65535.0
4149.366931088003,65535.0
4151.213153586996,65535.0
4153.0583481989615,65535.0
4154.902515226111,65535.0
4156.745654970613,65535.0
4158.587767734598,65535.0
4160.428853820158,65535.0
4162.268913529337,65535.0
4164.107947164148,65535.0
4165.945955026551,65535.0
4167.782937418473,65535.0
4169.618894641799,65535.0
4171.45382699837,65535.0
4173.287734789987,65535.0
4175.120618318402,65535.0
4176.952477885337,65535.0
4178.783313792459,65535.0
4180.6131263414045,65535.0
4182.441915833757,65535.0
4184.269682571061,65535.0
4186.096426854816,65535.0
4187.922148986485,65535.0
4189.7468492674725,65535.0
4191.57052799916,65535.0
4193.3931854828625,65535.0
4195.214822019872,65535.0
4197.03543791142,65535.0
4198.855033458702,65535.0
4200.673608962865,65535.0
4202.491164725014,65535.0
4204.307701046206,65535.0
4206.123218227456,65535.0
4207.9377165697315,65535.0
4209.751196373956,65535.0
4211.563657941002,65535.0
4213.3751015717025,65535.0
4215.185527566842,65535.0
4216.994936227156,65535.0
4218.80332785334,65535.0
4220.610702746033,65535.0
4222.417061205841,65535.0
4224.222403533307,65535.0
4226.02673002894,65535.0
4227.830040993193,65535.0
4229.632336726476,65535.0
4231.433617529152,65535.0
4233.233883701529,65535.0
4235.033135543874,65535.0
4236.831373356408,65535.0
4238.628597439292,65535.0
4240.424808092648,65535.0
4242.220005616551,65535.0
4244.014190311016,65535.0
4245.807362476022,65535.0
4247.599522411489,65535.0
4249.390670417291,65535.0
4251.1808067932525,65535.0
4252.96993183915,65535.0
4254.7580458547,65535.0
4256.545149139587,65535.0
4258.33124199343,65535.0
4260.116324715804,65535.0
4261.90039760623,65535.0
4263.683460964181,65535.0
4265.465515089078,65535.0
4267.246560280288,65535.0
4269.026596837137,65535.0
4270.805625058882,65535.0
4272.583645244744,65535.0
4274.3606576938855,65535.0
4276.136662705419,65535.0
4277.911660578404,65535.0
4279.685651611842,65535.0
4281.458636104697,65535.0
4283.2306143558635,65535.0
4285.001586664192,65535.0
4286.771553328477,65535.0
4288.540514647466,65535.0
4290.308470919845,65535.0
4292.0754224442535,65535.0
4293.84136951927,65535.0
4295.606312443426,65535.0
4297.370251515193,65535.0
4299.133187032996,65535.0
4300.895119295199,65535.0
4302.656048600114,65535.0
4304.415975245998,65535.0
4306.174899531055,65535.0
4307.932821753433,65535.0
4309.689742211223,65535.0
4311.445661202462,65535.0
4313.200579025135,65535.0
4314.954495977168,65535.0
4316.707412356431,65535.0
4318.45932846074,65535.0
4320.210244587852,65535.0
4321.960161035471,65535.0
4323.709078101247,65535.0
4325.456996082765,65535.0
4327.2039152775615,65535.0
4328.949835983112,65535.0
4330.694758496838,65535.0
4332.438683116101,65535.0
4334.181610138212,65535.0
4335.9235398604105,65535.0
4337.664472579891,65535.0
4339.404408593791,65535.0
4341.143348199179,65535.0
4342.881291693078,65535.0
4344.618239372439,65535.0
4346.354191534174,65535.0
4348.089148475121,65535.0
4349.823110492063,65535.0
4351.556077881725,65535.0
4353.28805094077,65535.0
4355.019029965815,65535.0
4356.749015253403,65535.0
4358.4780071000205,65535.0
4360.206005802098,65535.0
4361.93301165601,65535.0
4363.659024958064,65535.0
4365.3840460045085,65535.0
4367.108075091532,65535.0
4368.831112515274,65535.0
4370.5531585717945,65535.0
4372.274213557108,65535.0
4373.994277767162,65535.0
4375.713351497843,65535.0
4377.431435044984,65535.0
4379.148528704343,65535.0
4380.864632771629,65535.0
4382.579747542486,65535.0
4384.293873312494,65535.0
4386.007010377178,65535.0
4387.719159031994,65535.0
4389.4303195723405,65535.0
4391.140492293549,65535.0
4392.849677490896,65535.0
4394.557875459592,65535.0
4396.265086494781,65535.0
4397.971310891551,65535.0
4399.676548944928,65535.0
4401.38080094987,65535.0
4403.084067201271,65535.0
4404.78634799397,65535.0
4406.487643622733,65535.0
4408.187954382272,65535.0
4409.887280567227,65535.0
4411.585622472181,65535.0
4413.28298039165,65535.0
4414.979354620082,65535.0
4416.674745451874,65535.0
4418.369153181344,65535.0
4420.06257810275,65535.0
4421.755020510294,65535.0
4423.446480698103,65535.0
4425.136958960242,65535.0
4426.826455590717,65535.0
4428.5149708834615,65535.0
4430.2025051323435,65535.0
4431.889058631175,65535.0
4433.574631673693,65535.0
4435.2592245535725,65535.0
4436.942837564424,65535.0
4438.62547099979,65535.0
4440.307125153155,65535.0
4441.98780031792,65535.0
4443.667496787439,65535.0
4445.346214854986,65535.0
4447.023954813776,65535.0
4448.700716956957,65535.0
4450.376501577608,65535.0
4452.051308968741,65535.0
4453.725139423301,65535.0
4455.397993234174,65535.0
4457.069870694158,65535.0
4458.740772096013,65535.0
4460.410697732406,65535.0
4462.079647895955,65535.0
4463.747622879191,65535.0
4465.414622974597,65535.0
4467.080648474577,65535.0
4468.745699671466,65535.0
4470.409776857541,65535.0
4472.072880325,65535.0
4473.7350103659755,65535.0
4475.396167272533,65535.0
4477.056351336667,65535.0
4478.71556285031,65535.0
4480.373802105318,65535.0
4482.031069393481,65535.0
4483.687365006517,65535.0
4485.34268923608,65535.0
4486.997042373754,65535.0
4488.650424711046,65535.0
4490.302836539406,65535.0
4491.954278150197,65535.0
4493.604749834734,65535.0
4495.254251884242,65535.0
4496.902784589889,65535.0
4498.550348242765,65535.0
4500.196943133893,65535.0
4501.842569554226,65535.0
4503.487227794649,65535.0
4505.130918145969,65535.0
4506.773640898928,65535.0
4508.415396344197,65535.0
4510.056184772371,65535.0
4511.69600647398,65535.0
4513.334861739482,65535.0
4514.9727508592605,65535.0
4516.609674123623,65535.0
4518.245631822821,65535.0
4519.880624247022,65535.0
4521.514651686319,65535.0
4523.147714430745,65535.0
4524.779812770248,65535.0
4526.41094699472,65535.0
4528.041117393961,65535.0
4529.670324257715,65535.0
4531.298567875647,65535.0
4532.925848537345,65535.0
4534.552166532336,65535.0
4536.177522150063,65535.0
4537.801915679902,65535.0
4539.425347411154,65535.0
4541.047817633045,65535.0
4542.669326634736,65535.0
4544.289874705302,65535.0
4545.909462133757,65535.0
4547.52808920903,65535.0
4549.1457562199885,65535.0
4550.762463455414,65535.0
4552.378211204024,65535.0
4553.992999754457,65535.0
4555.606829395281,65535.0
4557.219700414982,65535.0
4558.83161310198,65535.0
4560.442567744618,65535.0
4562.052564631162,65535.0
4563.661604049808,65535.0
4565.269686288673,65535.0
4566.876811635806,65535.0
4568.482980379167,65535.0
4570.088192806657,65535.0
4571.692449206093,65535.0
4573.295749865223,65535.0
4574.898095071707,65535.0
4576.499485113143,65535.0
4578.099920277051,65535.0
4579.699400850866,65535.0
4581.297927121959,65535.0
4582.895499377622,65535.0
4584.492117905063,65535.0
4586.087782991428,65535.0
4587.6824949237725,65535.0
4589.276253989086,65535.0
4590.869060474281,65535.0
4592.460914666186,65535.0
4594.051816851559,65535.0
4595.641767317082,65535.0
4597.230766349354,65535.0
4598.818814234908,65535.0
4600.405911260188,65535.0
4601.99205771157,65535.0
4603.577253875352,65535.0
4605.161500037746,65535.0
4606.744796484898,65535.0
4608.327143502867,65535.0
4609.908541377648,65535.0
4611.488990395139,65535.0
4613.068490841179,65535.0
4614.647043001516,65535.0
4616.224647161831,65535.0
4617.801303607717,65535.0
4619.3770126246945,65535.0
4620.951774498204,65535.0
4622.525589513612,65535.0
4624.098457956199,65535.0
4625.670380111171,65535.0
4627.241356263656,65535.0
4628.811386698708,65535.0
4630.380471701292,65535.0
4631.948611556301,65535.0
4633.51580654855,65535.0
4635.08205696277,65535.0
4636.647363083617,65535.0
4638.211725195666,65535.0
4639.7751435834125,65535.0
4641.337618531275,65535.0
4642.89915032359,65535.0
4644.459739244618,65535.0
4646.019385578533,65535.0
4647.578089609437,65535.0
4649.135851621348,65535.0
4650.692671898207,65535.0
4652.248550723867,65535.0
4653.803488382115,65535.0
4655.3574851566445,65535.0
4656.910541331077,65535.0
4658.462657188951,65535.0
4660.013833013725,65535.0
4661.564069088772,65535.0
4663.113365697394,65535.0
4664.661723122808,65535.0
4666.209141648145,65535.0
4667.755621556464,65535.0
4669.301163130738,65535.0
4670.845766653858,65535.0
4672.389432408638,65535.0
4673.93216067781,65535.0
4675.473951744019,65535.0
4677.014805889836,65535.0
4678.554723397749,65535.0
4680.093704550165,65535.0
4681.631749629401,65535.0
4683.1688589177065,65535.0
4684.7050326972385,65535.0
4686.240271250072,65535.0
4687.774574858211,65535.0
4689.3079438035675,65535.0
4690.840378367971,65535.0
4692.371878833177,65535.0
4693.90244548085,65535.0
4695.432078592579,65535.0
4696.960778449866,65535.0
4698.48854533413,65535.0
4700.015379526718,65535.0
4701.541281308875,65535.0
4703.066250961785,65535.0
4704.590288766531,65535.0
4706.113395004126,65535.0
4707.635569955488,65535.0
4709.156813901467,65535.0
4710.677127122815,65535.0
4712.1965099002155,65535.0
4713.714962514257,65535.0
4715.232485245444,65535.0
4716.749078374209,65535.0
4718.264742180891,65535.0
4719.779476945752,65535.0
4721.293282948962,65535.0
4722.806160470613,65535.0
4724.31810979072,65535.0
4725.829131189199,65535.0
4727.339224945896,65535.0
4728.84839134056,65535.0
4730.35663065287,65535.0
4731.863943162411,65535.0
4733.370329148685,65535.0
4734.875788891115,65535.0
4736.3803226690325,65535.0
4737.883930761693,65535.0
4739.386613448254,65535.0
4740.888371007808,65535.0
4742.389203719342,65535.0
4743.889111861774,65535.0
4745.38809571393,65535.0
4746.88615555455,65535.0
4748.3832916623,65535.0
4749.879504315742,65535.0
4751.3747937933695,65535.0
4752.869160373588,65535.0
4754.362604334707,65535.0
4755.855125954964,65535.0
4757.3467255125015,65535.0
4758.837403285386,65535.0
4760.327159551591,65535.0
4761.8159945890075,65535.0
4763.303908675438,65535.0
4764.790902088604,65535.0
